{
    "type": "minecraft:barter",
    "pools": [
      {
        "rolls": 1,
        "entries": [
          {
            "type": "minecraft:item",
            "weight": 1,
            "name": "minecraft:ender_pearl",
            "functions":[{"function":"set_count","count":2}]
          },
          {
              "type":"minecraft:item",
              "weight": 2,
              "name": "minecraft:gold_ingot",
              "functions":[{"function":"set_count","count":1}]
          },
          {
            "type":"minecraft:item",
            "weight": 5,
            "name": "minecraft:cobblestone",
            "functions":[{"function":"set_count","count":10}]
          }
        ]
      }
    ]
  }