{
    "type": "minecraft:entity",
    "pools": [
      {
        "rolls": 1,
        "entries": [
          {
            "type": "minecraft:item",
            "functions": [
              {
                "function": "minecraft:set_count",
                "count": {
                  "min": 0.0,
                  "max": 2.0,
                  "type": "minecraft:uniform"
                }
              }
            ],
            "name": "minecraft:poppy"
          }
        ]
      },
      {
        "rolls": 1,
        "entries": [
          {
            "type": "minecraft:item",
            "functions": [
              {
                "function": "minecraft:set_count",
                "count": {
                  "min": 5.0,
                  "max": 10.0,
                  "type": "minecraft:uniform"
                }
              }
            ],
            "name": "minecraft:iron_ingot"
          }
        ]
      }
    ]
  }